Id,Unknown0,Unknown2,Unknown3,Unknown4
"57","0","43","1","0"
"58","0","2","1","0"
"63","0","44","32","0"
"64","0","36","2","0"
"66","0","5","33","0"
"67","0","45","34","0"
"68","0","54","1","0"
"70","0","55","4","0"
"71","1","55","5","0"
"72","0","56","7","0"
"73","1","56","35","0"
"74","0","57","36","0"
"75","1","57","37","0"
"76","0","58","38","0"
"77","1","58","39","0"
"78","0","59","40","0"
"79","1","59","41","0"
"80","0","60","42","0"
"81","1","60","43","0"
"82","0","61","44","0"
"83","1","61","45","0"
"84","0","62","46","0"
"85","1","62","47","0"
"86","0","63","48","0"
"87","1","63","49","0"
"89","0","64","50","0"
"92","0","67","52","0"
"93","1","67","53","0"
"94","0","66","54","0"
"95","0","6","55","0"
"97","0","3","57","0"
"98","0","86","58","0"
"101","0","88","60","0"
"104","0","89","61","0"
"105","1","89","62","0"
"108","0","107","63","0"
"111","0","108","66","0"
"112","1","108","67","0"
"114","0","109","69","0"
"115","0","110","70","0"
"116","1","110","71","0"
"117","0","111","72","0"
"118","0","112","73","0"
"119","1","112","74","0"
"120","0","113","75","0"
"121","1","113","76","0"
"122","0","114","77","0"
"123","1","114","78","0"
"124","0","115","79","0"
"125","1","115","80","0"
"126","0","116","81","0"
"127","1","116","82","0"
"128","0","117","84","0"
"129","0","118","85","0"
"130","1","117","86","0"
"131","2","117","87","0"
"132","1","118","88","0"
"136","0","119","90","0"
"137","0","120","91","0"
"139","1","120","93","0"
"150","0","125","95","0"
"151","1","125","96","0"
"155","0","126","97","0"
"157","1","126","99","0"
"159","0","127","101","0"
"160","0","128","103","0"
"161","1","128","102","0"
"162","2","128","104","0"
"163","0","129","105","0"
"164","1","129","106","0"
"165","2","129","107","0"
"166","0","130","108","0"
"168","1","130","110","0"
"169","0","131","111","0"
"172","0","132","112","0"
"177","0","133","115","0"
"178","1","133","116","0"
"180","0","135","118","0"
"181","0","136","119","0"
"182","0","137","156","0"
"183","0","183","166","0"
"184","0","171","154","0"
"185","0","138","121","0"
"186","0","139","122","0"
"187","0","140","123","0"
"188","0","184","167","0"
"189","0","172","155","0"
"190","0","141","124","0"
"191","0","142","125","0"
"192","0","143","126","0"
"193","0","185","106","0"
"194","0","173","120","0"
"195","0","144","127","0"
"196","0","145","128","0"
"197","0","146","129","0"
"199","0","174","157","0"
"200","0","147","130","0"
"201","0","148","131","0"
"202","0","149","132","0"
"203","0","187","170","0"
"204","0","175","158","0"
"205","0","150","133","0"
"206","0","151","134","0"
"207","0","152","135","0"
"208","0","188","171","0"
"209","0","176","159","0"
"210","0","153","139","0"
"213","0","189","172","0"
"214","0","177","160","0"
"215","0","156","139","0"
"216","0","157","140","0"
"217","0","158","141","0"
"218","0","190","173","0"
"219","0","178","161","0"
"220","0","159","142","0"
"221","0","160","143","0"
"222","0","161","144","0"
"223","0","191","174","0"
"224","0","179","162","0"
"225","0","162","145","0"
"226","0","163","146","0"
"227","0","164","147","0"
"228","0","192","175","0"
"230","0","165","148","0"
"231","0","180","163","0"
"232","0","166","149","0"
"233","0","167","150","0"
"234","0","193","176","0"
"235","0","181","164","0"
"236","0","168","151","0"
"237","0","169","152","0"
"238","0","170","153","0"
"239","0","194","177","0"
"240","0","182","165","0"
"241","0","195","124","0"
"242","1","195","106","0"
"244","0","196","82","0"
"246","1","196","83","0"
"247","0","197","159","0"
"248","1","197","178","0"
"249","0","198","66","0"
"250","1","198","135","0"
"251","0","199","136","0"
"252","1","199","179","0"
"253","2","199","180","0"
"254","0","200","98","0"
"255","1","200","76","0"
"256","2","200","99","0"
"257","0","201","95","0"
"258","1","201","71","0"
"259","2","201","96","0"
"260","0","202","142","0"
"261","1","202","147","0"
"262","2","202","181","0"
"263","0","203","182","0"
"264","1","203","183","0"
"265","0","204","149","0"
"266","1","204","184","0"
"267","0","205","62","0"
"268","1","205","61","0"
"270","0","206","186","0"
"271","0","207","68","0"
"272","1","207","187","0"
"273","0","208","100","0"
"274","1","208","101","0"
"275","0","209","188","0"
"277","1","209","190","0"
"278","0","210","160","0"
"279","1","210","138","0"
"280","2","210","191","0"
"281","0","211","192","0"
"282","1","211","193","0"
"283","2","211","194","0"
"284","0","212","163","0"
"285","1","212","73","0"
"286","0","215","196","0"
"287","0","213","197","0"
"288","1","213","152","0"
"289","2","213","198","0"
"290","0","214","199","0"
"291","1","214","200","0"
"292","2","214","201","0"
"294","0","154","137","0"
"295","0","155","138","0"
"296","0","217","202","0"
"297","0","218","203","0"
"299","0","219","204","0"
"300","0","220","205","0"
"301","0","221","206","0"
"302","0","222","207","0"
"303","0","223","208","0"
"305","0","224","209","0"
"306","1","224","210","0"
"308","0","87","51","0"
"309","0","65","59","0"
"311","0","228","211","0"
"313","0","229","212","0"
"314","0","230","213","0"
"316","0","231","214","0"
"317","0","232","215","0"
"318","1","232","216","0"
"320","0","240","4","0"
"321","1","240","5","0"
"322","0","241","4","0"
"323","1","241","5","0"
"326","0","242","217","0"
"329","0","243","218","0"
"331","0","244","219","0"
"332","1","244","220","0"
"335","0","245","221","0"
"336","1","245","222","0"
"337","0","90","223","0"
"338","0","254","255","0"
"339","1","254","257","0"
"340","2","254","260","0"
"341","0","255","247","0"
"342","1","255","249","0"
"343","2","255","253","0"
"344","0","256","263","0"
"345","1","256","267","0"
"346","2","256","269","0"
"347","0","257","281","0"
"348","1","257","285","0"
"349","2","257","289","0"
"350","0","258","224","0"
"351","1","258","229","0"
"352","2","258","230","0"
"353","0","251","232","0"
"354","1","251","236","0"
"355","2","251","238","0"
"356","0","253","271","0"
"357","1","253","276","0"
"358","2","253","280","0"
"359","0","249","284","0"
"360","1","249","287","0"
"361","2","249","290","0"
"363","0","265","285","0"
"364","1","265","287","0"
"365","2","265","289","0"
"366","0","267","233","0"
"368","1","267","238","0"
"369","0","264","265","0"
"370","1","264","266","0"
"371","2","264","268","0"
"373","0","266","229","0"
"374","1","266","230","0"
"375","0","268","240","0"
"376","1","268","241","0"
"377","2","268","245","0"
"378","0","269","273","0"
"379","1","269","272","0"
"380","2","269","274","0"
"381","0","259","233","0"
"382","1","259","235","0"
"383","2","259","237","0"
"384","0","260","242","0"
"385","1","260","244","0"
"386","2","260","245","0"
"387","0","261","276","0"
"388","1","261","277","0"
"389","2","261","280","0"
"390","0","262","256","0"
"391","1","262","258","0"
"392","2","262","261","0"
"393","0","263","247","0"
"394","1","263","250","0"
"395","2","263","253","0"
"396","0","252","242","0"
"397","1","252","244","0"
"398","2","252","246","0"
"399","0","250","227","0"
"400","1","250","228","0"
"401","2","250","230","0"
"402","0","248","262","0"
"403","1","248","264","0"
"404","2","248","269","0"
"405","0","247","250","0"
"406","1","247","252","0"
"407","2","247","253","0"
"408","0","270","1","0"
"411","0","275","200","0"
"412","1","275","201","0"
"413","2","275","291","0"
"414","0","274","292","0"
"415","1","274","293","0"
"416","0","273","295","0"
"417","1","273","294","0"
"418","2","273","296","0"
"419","0","272","297","0"
"420","0","271","298","0"
"421","1","271","299","0"
"422","0","276","300","0"
"423","1","276","142","0"
"424","2","276","301","0"
"426","0","277","302","0"
"427","1","242","303","0"
"428","0","278","304","0"
"430","0","279","306","0"
"431","0","280","307","0"
"432","1","280","308","0"
"433","0","281","309","0"
"434","1","281","310","0"
"435","0","282","311","0"
"436","0","283","312","0"
"437","1","283","313","0"
"438","0","42","4","0"
"439","1","42","5","0"
"441","0","284","314","0"
"443","0","285","315","0"
"445","0","286","317","0"
"448","0","287","321","0"
"449","0","289","322","0"
"451","1","289","324","0"
"452","0","288","325","0"
"453","1","288","326","0"
"455","0","297","346","0"
"456","0","305","345","0"
"457","1","305","347","0"
"459","0","298","341","0"
"460","0","306","339","0"
"461","1","306","342","0"
"462","0","290","341","0"
"463","1","290","342","0"
"465","0","299","350","0"
"466","0","307","349","0"
"467","1","307","351","0"
"468","0","291","350","0"
"469","1","291","351","0"
"470","0","300","357","0"
"472","0","292","359","0"
"474","1","292","361","0"
"475","0","308","358","0"
"476","1","308","361","0"
"477","0","301","327","0"
"479","0","309","328","0"
"480","1","309","329","0"
"481","0","293","328","0"
"482","1","293","330","0"
"483","0","294","331","0"
"484","1","294","332","0"
"485","0","310","332","0"
"486","1","310","333","0"
"487","0","302","331","0"
"488","1","302","334","0"
"489","0","296","352","0"
"490","1","296","353","0"
"491","0","312","354","0"
"492","1","312","356","0"
"493","0","304","353","0"
"494","1","304","355","0"
"495","0","311","335","0"
"496","1","311","338","0"
"497","0","303","336","0"
"498","1","303","337","0"
"499","0","295","337","0"
"500","1","295","338","0"
"501","0","321","362","0"
"502","1","321","363","0"
"504","0","313","362","0"
"505","1","313","363","0"
"507","0","325","362","0"
"508","1","325","363","0"
"510","0","317","362","0"
"511","1","317","363","0"
"531","0","327","363","0"
"534","0","319","363","0"
"549","2","321","365","0"
"550","2","313","365","0"
"551","2","325","365","0"
"552","2","317","365","0"
"556","0","314","364","0"
"557","1","314","366","0"
"558","2","314","367","0"
"559","0","326","364","0"
"560","1","326","366","0"
"561","2","326","367","0"
"562","0","318","364","0"
"563","1","318","366","0"
"564","2","318","367","0"
"565","0","322","364","0"
"566","1","322","366","0"
"567","2","322","367","0"
"568","0","323","363","0"
"569","1","323","367","0"
"570","2","323","368","0"
"571","0","315","363","0"
"572","1","315","367","0"
"573","2","315","368","0"
"574","1","327","367","0"
"575","2","327","368","0"
"576","1","319","367","0"
"577","2","319","368","0"
"578","0","324","362","0"
"579","1","324","365","0"
"580","2","324","368","0"
"581","0","316","362","0"
"582","1","316","365","0"
"583","2","316","368","0"
"584","0","328","362","0"
"585","1","328","365","0"
"586","2","328","368","0"
"587","0","320","362","0"
"588","1","320","365","0"
"589","2","320","368","0"
"590","0","329","369","0"
"591","0","331","370","0"
"592","0","330","371","0"
"593","0","332","89","0"
"597","0","334","222","0"
"598","1","334","372","0"
"599","2","334","373","0"
"600","0","335","374","0"
"601","1","335","375","0"
"602","0","336","376","0"
"603","1","336","377","0"
"608","0","337","382","0"
"609","0","338","388","0"
"610","1","338","383","0"
"611","2","338","396","0"
"612","0","339","385","0"
"613","1","339","387","0"
"614","2","339","398","0"
"615","0","340","384","0"
"616","1","340","389","0"
"617","2","340","399","0"
"618","0","341","386","0"
"619","1","341","397","0"
"620","2","341","387","0"
"621","0","342","399","0"
"622","1","342","398","0"
"623","2","342","396","0"
"627","0","343","395","0"
"628","1","343","391","0"
"629","2","343","400","0"
"630","0","344","393","0"
"631","1","344","394","0"
"632","2","344","401","0"
"633","0","345","402","0"
"634","1","345","389","0"
"635","2","345","403","0"
"636","0","346","392","0"
"637","1","346","390","0"
"638","2","346","394","0"
"639","0","347","403","0"
"640","1","347","401","0"
"641","2","347","400","0"
"642","0","348","395","0"
"643","1","348","391","0"
"644","2","348","400","0"
"645","0","349","393","0"
"646","1","349","394","0"
"647","2","349","401","0"
"648","0","350","402","0"
"649","1","350","389","0"
"650","2","350","403","0"
"651","0","351","392","0"
"652","1","351","390","0"
"653","2","351","394","0"
"654","0","352","403","0"
"655","1","352","401","0"
"656","2","352","400","0"
"657","0","353","388","0"
"658","1","353","383","0"
"659","2","353","396","0"
"660","0","354","385","0"
"661","1","354","387","0"
"662","2","354","398","0"
"663","0","355","384","0"
"664","1","355","389","0"
"665","2","355","399","0"
"666","0","356","386","0"
"667","1","356","397","0"
"668","2","356","387","0"
"669","0","357","399","0"
"670","1","357","398","0"
"671","2","357","396","0"
"672","0","358","404","0"
"673","0","359","405","0"
"677","0","360","406","0"
"678","1","360","291","0"
"679","2","360","220","0"
"683","0","361","407","0"
"684","1","361","408","0"
"685","2","361","409","0"
"686","0","362","410","0"
"687","1","362","411","0"
"688","2","362","412","0"
"689","0","363","410","0"
"690","1","363","411","0"
"691","2","363","412","0"
"693","0","364","413","0"
"694","0","365","414","0"
"695","1","365","415","0"
"697","0","186","416","0"
"698","0","366","417","0"
"699","0","367","418","0"
"700","0","368","419","0"
"701","0","369","420","0"
"702","0","370","421","0"
"703","0","371","422","0"
"704","0","372","423","0"
"705","0","373","424","0"
"706","0","374","425","0"
"707","0","375","426","0"
"708","0","376","427","0"
"709","0","377","428","0"
"710","0","390","429","0"
"711","0","389","298","0"
"712","0","383","430","0"
"714","0","394","432","0"
"716","0","378","131","0"
"719","0","400","436","0"
"720","0","388","103","0"
"721","0","384","150","0"
"722","0","380","89","0"
"723","0","397","437","0"
"724","0","396","107","0"
"725","0","386","62","0"
"726","0","393","95","0"
"727","0","391","215","0"
"728","0","387","301","0"
"729","0","379","440","0"
"731","0","398","442","0"
"732","0","392","443","0"
"733","0","382","444","0"
"734","0","381","445","0"
"735","0","403","446","0"
"736","1","403","447","0"
"737","2","403","448","0"
"738","0","404","449","0"
"739","1","404","450","0"
"740","2","404","451","0"
"741","0","405","452","0"
"742","1","405","453","0"
"743","2","405","454","0"
"744","0","406","455","0"
"745","1","406","456","0"
"746","2","406","457","0"
"747","0","407","458","0"
"748","1","407","459","0"
"749","2","407","460","0"
"750","0","408","461","0"
"751","1","408","462","0"
"752","2","408","463","0"
"753","0","409","464","0"
"754","1","409","465","0"
"755","2","409","466","0"
"756","0","410","467","0"
"757","1","410","468","0"
"758","2","410","469","0"
"759","0","411","470","0"
"760","1","411","471","0"
"761","2","411","472","0"
"762","0","412","473","0"
"763","1","412","474","0"
"764","2","412","475","0"
"765","0","413","476","0"
"766","1","413","477","0"
"767","2","413","478","0"
"768","0","385","67","0"
"769","1","380","164","0"
"771","1","154","80","0"
"772","1","160","436","0"
"773","1","166","64","0"
"774","1","169","197","0"
"775","2","209","189","0"
"780","0","415","482","0"
"781","0","416","483","0"
"782","0","417","484","0"
"784","0","418","485","0"
"786","0","419","486","0"
"787","1","418","487","0"
"789","0","414","481","0"
"790","0","421","488","0"
"791","0","422","489","0"
"792","0","423","490","0"
"793","0","424","491","0"
"794","0","425","492","0"
"795","0","426","493","0"
"796","1","426","494","0"
"797","2","426","495","0"
"801","0","427","496","0"
"802","1","427","497","0"
"803","2","427","498","0"
"804","0","428","499","0"
"805","1","428","500","0"
"806","2","428","501","0"
"807","0","429","502","0"
"808","1","429","503","0"
"809","2","429","504","0"
"810","0","430","505","0"
"811","0","432","298","0"
"812","1","432","211","0"
"813","0","433","96","0"
"814","1","433","175","0"
"815","0","434","376","0"
"817","0","435","187","0"
"818","1","435","130","0"
"819","0","436","185","0"
"820","1","436","77","0"
"821","2","436","207","0"
"822","0","437","65","0"
"823","1","437","220","0"
"824","2","437","165","0"
"825","1","434","179","0"
"826","2","434","441","0"
"827","0","438","298","0"
"828","1","438","211","0"
"829","0","439","96","0"
"830","1","439","175","0"
"831","0","440","376","0"
"832","1","440","179","0"
"833","2","440","441","0"
"834","0","441","187","0"
"835","1","441","130","0"
"836","0","442","185","0"
"837","1","442","77","0"
"838","2","442","207","0"
"839","0","443","65","0"
"840","1","443","220","0"
"841","2","443","165","0"
"845","0","444","299","0"
"847","0","445","294","0"
"849","1","445","506","0"
"850","0","395","133","0"
"851","1","395","134","0"
"852","0","401","183","0"
"853","1","401","177","0"
"854","0","446","496","0"
"855","1","446","497","0"
"856","2","446","498","0"
"857","0","447","499","0"
"858","1","447","500","0"
"859","2","447","501","0"
"860","0","448","502","0"
"861","1","448","503","0"
"862","2","448","504","0"
"863","0","449","505","0"
"864","0","450","496","0"
"865","1","450","497","0"
"866","2","450","498","0"
"867","0","451","499","0"
"868","1","451","500","0"
"869","2","451","501","0"
"870","0","452","502","0"
"871","1","452","503","0"
"872","2","452","504","0"
"873","0","453","505","0"
"874","0","454","496","0"
"875","1","454","497","0"
"876","2","454","498","0"
"877","0","455","499","0"
"878","1","455","500","0"
"879","2","455","501","0"
"880","0","456","502","0"
"881","1","456","503","0"
"882","2","456","504","0"
"883","0","457","505","0"
"885","1","391","94","0"
"887","0","399","179","0"
"888","1","396","120","0"
"891","1","381","444","0"
"892","1","392","138","0"
"893","2","392","191","0"
"894","1","384","165","0"
"895","2","384","164","0"
"896","0","402","507","0"
"897","1","402","508","0"
"900","0","91","509","0"
"901","0","7","510","0"
"904","0","459","83","0"
"905","0","460","83","0"
"907","0","462","76","0"
"908","0","463","94","0"
"909","1","463","70","0"
"910","0","464","165","0"
"912","1","464","90","0"
"913","0","465","119","0"
"914","0","466","119","0"
"915","0","467","202","0"
"917","0","468","185","0"
"918","0","469","155","0"
"919","0","470","449","0"
"920","0","471","131","0"
"921","0","472","187","0"
"923","0","473","191","0"
"924","1","473","138","0"
"925","0","474","511","0"
"928","0","475","216","0"
"929","1","475","96","0"
"930","0","477","103","0"
"931","1","477","220","0"
"932","2","477","219","0"
"933","0","478","176","0"
"934","1","478","507","0"
"937","0","479","78","0"
"938","1","479","77","0"
"939","0","476","146","0"
"940","1","476","175","0"
"941","0","461","209","0"
"942","0","458","173","0"
"943","1","458","512","0"
"944","0","480","174","0"
"945","1","480","217","0"
"946","2","480","303","0"
"961","0","481","175","0"
"962","1","481","113","0"
"963","0","483","437","0"
"964","1","483","61","0"
"965","0","485","135","0"
"966","1","485","318","0"
"967","0","489","433","0"
"968","1","489","200","0"
"969","0","487","95","0"
"970","1","487","162","0"
"971","0","491","513","0"
"973","0","482","516","0"
"974","1","482","515","0"
"975","0","484","222","0"
"976","1","484","372","0"
"977","2","484","373","0"
"978","0","486","436","0"
"979","1","486","203","0"
"980","2","486","416","0"
"981","0","490","517","0"
"982","1","490","201","0"
"983","0","488","133","0"
"984","1","488","122","0"
"985","2","488","80","0"
"986","0","492","199","0"
"987","1","492","201","0"
"988","2","492","200","0"
"989","0","493","518","0"
"990","0","494","519","0"
"991","1","398","72","0"
"992","0","495","70","0"
"993","1","495","216","0"
"994","2","495","520","0"
"995","1","394","521","0"
"996","2","394","68","0"
"997","0","496","182","0"
"998","1","496","516","0"
"999","0","497","222","0"
"1000","1","497","372","0"
"1001","2","497","373","0"
"1002","0","498","70","0"
"1003","1","498","71","0"
"1004","0","499","520","0"
"1005","1","499","216","0"
"1006","2","499","522","0"
"1007","0","500","508","0"
"1008","1","500","434","0"
"1009","1","444","314","0"
"1010","2","395","178","0"
"1011","2","401","516","0"
"1012","2","396","85","0"
"1013","2","381","523","0"
"1014","2","445","78","0"
"1015","2","391","326","0"
"1016","1","399","72","0"
"1017","1","379","524","0"
"1018","1","397","72","0"
"1019","0","503","525","0"
"1020","0","504","369","0"
"1024","0","509","530","0"
"1025","0","508","529","0"
"1026","1","508","528","0"
"1027","2","508","523","0"
"1037","0","515","544","0"
"1038","1","515","548","0"
"1039","2","515","546","0"
"1058","0","529","529","0"
"1061","0","530","553","0"
"1062","1","530","554","0"
"1063","2","530","555","0"
"1070","0","532","556","0"
"1071","0","531","557","0"
"1072","1","531","558","0"
"1080","0","594","626","0"
"1086","0","627","552","0"
"1103","0","637","632","0"
"1121","0","524","544","0"
"1122","1","524","598","0"
"1123","0","533","544","0"
"1124","1","533","578","0"
"1125","0","534","578","0"
"1128","0","644","618","0"
"1129","1","644","591","0"
"1131","0","562","618","0"
"1132","1","562","591","0"
"1134","0","643","618","0"
"1135","1","643","591","0"
"1138","0","642","618","0"
"1139","1","642","591","0"
"1143","1","534","594","0"
"1148","0","536","544","0"
"1149","1","536","578","0"
"1150","0","537","544","0"
"1151","1","537","622","0"
"1152","2","537","622","0"
"1153","0","538","626","0"
"1156","0","539","576","0"
"1158","0","540","626","0"
"1162","0","542","575","0"
"1165","0","544","544","0"
"1166","1","544","569","0"
"1167","2","544","570","0"
"1168","0","545","544","0"
"1171","0","547","580","0"
"1174","0","548","544","0"
"1175","1","548","624","0"
"1176","2","548","569","0"
"1177","0","549","544","0"
"1179","0","550","544","0"
"1180","0","551","544","0"
"1182","0","552","544","0"
"1183","1","552","598","0"
"1184","0","553","544","0"
"1186","0","554","581","0"
"1188","0","555","585","0"
"1190","0","556","544","0"
"1191","1","556","575","0"
"1198","1","540","608","0"
"1199","0","628","636","0"
"1206","0","640","635","0"
"1207","1","640","638","0"
"1208","0","641","636","0"
"1209","1","641","637","0"
"1210","0","631","636","0"
"1211","1","631","635","0"
"1214","0","632","637","0"
"1215","0","645","531","0"
"1217","0","646","639","0"
"1219","1","646","640","0"
"1220","1","637","642","0"
"1226","0","591","529","0"
"1227","0","590","770","0"
"1233","0","612","660","0"
"1235","0","602","529","0"
"1237","0","608","655","0"
"1238","1","608","795","0"
"1240","0","600","661","0"
"1241","0","610","660","0"
"1243","0","604","647","0"
"1245","0","606","788","0"
"1246","1","606","799","0"
"1248","0","598","660","0"
"1250","0","609","647","0"
"1251","0","601","529","0"
"1253","0","605","657","0"
"1254","1","605","791","0"
"1257","0","613","655","0"
"1258","1","613","800","0"
"1259","0","611","529","0"
"1260","1","611","660","0"
"1261","0","603","529","0"
"1262","1","603","771","0"
"1263","0","607","799","0"
"1264","1","607","809","0"
"1265","0","599","529","0"
"1267","0","595","626","0"
"1268","1","595","800","0"
"1269","0","596","626","0"
"1271","0","528","543","0"
"1273","0","566","775","0"
"1274","0","567","543","0"
"1277","0","572","626","0"
"1278","0","571","626","0"
"1279","0","570","626","0"
"1280","0","587","543","0"
"1285","0","582","823","0"
"1294","1","582","817","0"
"1296","0","576","688","0"
"1297","0","588","689","0"
"1299","0","580","674","0"
"1301","0","584","679","0"
"1302","1","584","830","0"
"1303","0","574","689","0"
"1304","0","585","688","0"
"1305","0","577","543","0"
"1307","0","581","822","0"
"1308","1","581","813","0"
"1312","0","579","543","0"
"1313","1","579","774","0"
"1314","0","583","823","0"
"1315","1","583","831","0"
"1316","0","575","543","0"
"1318","1","570","822","0"
"1319","1","571","831","0"
"1322","0","525","543","0"
"1325","0","557","596","0"
"1328","0","558","584","0"
"1329","1","558","579","0"
"1330","0","559","529","0"
"1331","1","559","604","0"
"1332","0","560","600","0"
"1333","1","560","607","0"
"1335","0","561","543","0"
"1336","1","561","568","0"
"1337","0","563","626","0"
"1338","1","563","600","0"
"1339","2","563","565","0"
"1340","0","564","626","0"
"1341","1","564","618","0"
"1342","2","564","591","0"
"1343","0","565","626","0"
"1344","1","565","600","0"
"1345","2","565","621","0"
"1346","0","647","544","0"
"1347","1","647","618","0"
"1356","0","617","626","0"
"1359","0","620","626","0"
"1362","0","621","626","0"
"1365","0","614","626","0"
"1366","1","614","610","0"
"1367","2","614","600","0"
"1368","0","648","698","0"
"1369","1","648","699","0"
"1380","2","536","581","0"
"1388","2","552","581","0"
"1389","1","553","597","0"
"1391","0","615","583","0"
"1394","0","618","626","0"
"1397","0","622","544","0"
"1400","2","647","575","0"
"1401","0","619","544","0"
"1402","1","619","581","0"
"1404","0","653","552","0"
"1405","0","654","552","0"
"1406","0","655","552","0"
"1407","0","656","552","0"
"1408","0","657","552","0"
"1409","0","658","552","0"
"1414","0","516","642","0"
"1415","0","616","544","0"
"1416","0","639","642","0"
"1417","1","639","632","0"
"1421","0","659","636","0"
"1423","0","660","636","0"
"1424","1","660","637","0"
"1425","0","661","636","0"
"1426","1","661","637","0"
"1427","0","662","637","0"
"1428","0","527","636","0"
"1439","0","526","702","0"
"1440","0","630","703","0"
"1441","1","659","626","0"
"1442","0","629","551","0"
"1466","0","663","704","0"
"1467","1","663","705","0"
"1468","0","664","707","0"
"1469","1","664","706","0"
"1470","0","665","708","0"
"1471","0","666","709","0"
"1472","0","667","710","0"
"1473","1","667","711","0"
"1474","0","649","543","0"
"1479","0","668","717","0"
"1480","0","669","718","0"
"1481","1","669","719","0"
"1482","0","670","720","0"
"1483","1","670","721","0"
"1484","0","671","722","0"
"1485","1","671","723","0"
"1486","0","672","724","0"
"1487","1","672","725","0"
"1488","0","673","726","0"
"1489","1","673","727","0"
"1490","0","674","728","0"
"1491","1","674","729","0"
"1492","0","675","730","0"
"1493","1","675","731","0"
"1494","0","676","732","0"
"1495","1","676","733","0"
"1496","0","677","734","0"
"1497","1","677","735","0"
"1503","0","680","740","0"
"1504","1","680","741","0"
"1505","2","680","742","0"
"1506","0","678","743","0"
"1507","1","678","744","0"
"1508","2","678","745","0"
"1509","0","679","746","0"
"1510","1","679","747","0"
"1511","2","679","748","0"
"1512","0","681","749","0"
"1513","1","681","750","0"
"1514","2","681","751","0"
"1515","0","682","752","0"
"1516","1","682","753","0"
"1517","2","682","754","0"
"1518","0","683","755","0"
"1519","1","683","756","0"
"1520","2","683","757","0"
"1521","0","684","758","0"
"1522","1","684","759","0"
"1523","2","684","760","0"
"1524","0","685","761","0"
"1525","1","685","762","0"
"1526","2","685","763","0"
"1527","0","687","764","0"
"1528","1","687","765","0"
"1529","2","687","766","0"
"1530","0","686","767","0"
"1531","1","686","768","0"
"1532","2","686","769","0"
"1536","0","689","596","0"
"1545","0","692","686","0"
"1547","1","692","676","0"
"1548","0","693","664","0"
"1549","1","693","649","0"
"1569","0","690","568","0"
"1570","0","691","544","0"
"1571","1","691","576","0"
"1572","1","690","582","0"
"1573","2","691","597","0"
"1574","0","688","570","0"
"1576","1","689","602","0"
"1579","0","517","663","0"
"1582","0","519","543","0"
"1584","1","519","693","0"
"1587","0","651","562","0"
"1588","0","520","584","0"
"1590","0","518","622","0"
"1591","0","652","622","0"
"1597","0","698","603","0"
"1598","1","698","595","0"
"1600","0","699","601","0"
"1601","1","699","595","0"
"1603","0","694","580","0"
"1604","1","694","586","0"
"1605","0","695","607","0"
"1608","0","696","606","0"
"1610","0","697","544","0"
"1611","1","697","584","0"
"1612","2","697","594","0"
"1613","1","594","657","0"
"1615","0","623","552","0"
"1616","0","624","678","0"
"1617","1","624","626","0"
"1618","0","625","561","0"
"1619","0","626","684","0"
"1620","0","701","572","0"
"1621","1","701","569","0"
"1623","0","702","545","0"
"1624","1","702","606","0"
"1625","2","702","617","0"
"1626","0","703","545","0"
"1627","1","703","576","0"
"1628","2","703","599","0"
"1629","0","704","606","0"
"1630","1","704","569","0"
"1632","0","705","572","0"
"1633","1","705","569","0"
"1635","0","706","545","0"
"1636","1","706","606","0"
"1637","2","706","617","0"
"1638","0","707","545","0"
"1639","1","707","576","0"
"1640","2","707","599","0"
"1641","0","708","606","0"
"1642","1","708","569","0"
"1644","0","709","572","0"
"1645","1","709","569","0"
"1647","0","710","545","0"
"1648","1","710","606","0"
"1649","2","710","617","0"
"1650","0","711","545","0"
"1651","1","711","576","0"
"1652","2","711","599","0"
"1653","0","712","606","0"
"1654","1","712","569","0"
"1656","0","713","572","0"
"1657","1","713","569","0"
"1659","0","714","545","0"
"1660","1","714","606","0"
"1661","2","714","617","0"
"1662","0","715","545","0"
"1663","1","715","576","0"
"1664","2","715","599","0"
"1665","0","716","606","0"
"1666","1","716","569","0"
"1671","0","718","529","0"
"1673","1","718","645","0"
"1674","0","719","529","0"
"1676","1","719","656","0"
"1680","0","721","544","0"
"1682","0","722","529","0"
"1684","0","723","545","0"
"1686","0","724","529","0"
"1687","1","724","619","0"
"1688","0","725","544","0"
"1690","0","726","529","0"
"1692","0","727","545","0"
"1694","0","728","529","0"
"1695","1","728","619","0"
"1698","0","730","544","0"
"1701","0","731","562","0"
"1702","0","732","544","0"
"1703","1","732","569","0"
"1706","0","734","544","0"
"1709","0","735","584","0"
"1710","0","736","544","0"
"1711","1","736","569","0"
"1715","0","738","543","0"
"1717","1","738","675","0"
"1721","0","740","685","0"
"1724","0","741","773","0"
"1725","1","741","782","0"
"1727","0","742","777","0"
"1728","1","742","824","0"
"1733","0","578","543","0"
"1744","0","597","656","0"
"1745","1","599","646","0"
"1747","1","575","677","0"
"1754","2","561","576","0"
"1758","2","556","569","0"
"1759","1","721","580","0"
"1762","1","725","580","0"
"1769","0","745","626","0"
"1770","1","551","563","0"
"1771","0","535","564","0"
"1772","1","535","581","0"
"1773","1","545","598","0"
"1775","1","547","606","0"
"1776","1","539","597","0"
"1777","2","540","590","0"
"1780","1","542","544","0"
"1784","1","615","840","0"
"1793","0","514","672","0"
"1794","0","746","593","0"
"1795","1","746","701","0"
"1798","0","638","676","0"
"1799","0","522","676","0"
"1801","0","729","598","0"
"1802","0","733","598","0"
"1804","0","636","649","0"
"1805","0","523","649","0"
"1806","1","730","581","0"
"1807","1","734","581","0"
"1817","0","633","845","0"
"1818","1","633","586","0"
"1819","0","634","568","0"
"1820","1","634","598","0"
"1821","2","634","545","0"
"1822","0","750","544","0"
"1823","1","750","600","0"
"1824","2","750","594","0"
"1828","0","752","844","0"
"1829","1","752","585","0"
"1830","2","752","599","0"
"1831","0","751","573","0"
"1832","1","751","580","0"
"1833","2","751","582","0"
"1834","0","505","618","0"
"1835","1","549","593","0"
"1836","1","550","577","0"
"1837","0","541","577","0"
"1839","1","541","545","0"
"1840","1","538","582","0"
"1841","1","557","545","0"
"1844","1","602","661","0"
"1845","1","528","688","0"
"1846","1","529","661","0"
"1847","1","591","645","0"
"1848","1","567","675","0"
"1849","0","586","689","0"
"1850","1","578","688","0"
"1851","1","577","677","0"
"1852","1","601","646","0"
"1853","1","587","660","0"
"1855","0","569","674","0"
"1856","1","569","677","0"
"1857","0","592","647","0"
"1858","1","592","646","0"
"1859","0","568","543","0"
"1861","0","593","529","0"
"1863","1","593","656","0"
"1864","1","568","693","0"
"1865","1","600","654","0"
"1866","1","597","770","0"
"1867","1","596","803","0"
"1868","1","598","649","0"
"1869","1","576","695","0"
"1870","1","574","676","0"
"1871","0","573","775","0"
"1872","1","573","693","0"
"1873","1","572","834","0"
"1874","0","589","831","0"
"1875","1","589","823","0"
"1876","1","525","580","0"
"1877","0","546","590","0"
"1878","2","619","596","0"
"1879","0","739","817","0"
"1882","0","737","675","0"
"1883","1","737","676","0"
"1884","0","720","622","0"
"1885","1","722","598","0"
"1886","1","723","571","0"
"1887","1","726","598","0"
"1888","1","727","571","0"
"1890","0","754","531","0"
"1892","0","756","531","0"
"1893","1","649","712","0"
"1894","2","649","714","0"
"1895","1","616","713","0"
"1896","2","616","714","0"
"1897","0","650","736","0"
"1898","1","650","716","0"
"1899","1","620","739","0"
"1900","2","620","712","0"
"1901","1","622","738","0"
"1902","2","622","737","0"
"1903","1","621","736","0"
"1904","2","621","713","0"
"1905","1","617","739","0"
"1906","2","617","737","0"
"1907","1","618","736","0"
"1908","2","618","739","0"
"1909","2","650","545","0"
"1911","0","757","846","0"
"1912","0","758","556","0"
"1913","0","759","531","0"
"1914","0","760","533","0"
"1915","1","760","534","0"
"1916","0","761","556","0"
"1917","0","762","531","0"
"1918","0","763","533","0"
"1919","1","763","534","0"
"1920","0","764","556","0"
"1921","0","543","581","0"
"1922","1","543","592","0"
"1923","0","717","645","0"
"1924","1","717","649","0"
"1925","0","510","847","0"
"1926","0","511","848","0"
"1927","1","511","849","0"
"1929","0","768","850","0"
"1931","0","769","851","0"
"1933","0","770","852","0"
"1936","0","772","853","0"
"1938","0","773","854","0"
"1939","0","771","855","0"
"2056","0","775","913","0"
"2057","1","775","912","0"
"2058","2","775","911","0"
"2063","0","777","920","0"
"2064","1","777","919","0"
"2066","0","822","923","0"
"2067","1","822","924","0"
"2116","0","776","861","0"
"2117","0","844","926","0"
"2118","0","843","912","0"
"2120","0","790","862","0"
"2121","0","789","880","0"
"2122","0","791","879","0"
"2123","0","792","883","0"
"2124","0","793","884","0"
"2125","0","794","889","0"
"2126","0","813","899","0"
"2127","0","814","898","0"
"2128","0","815","901","0"
"2129","0","786","873","0"
"2130","0","787","927","0"
"2131","0","788","931","0"
"2133","0","801","932","0"
"2151","0","808","860","0"
"2160","0","846","883","0"
"2161","0","847","899","0"
"2162","0","848","873","0"
"2163","0","845","881","0"
"2165","0","842","864","0"
"2166","1","842","922","0"
"2167","0","849","922","0"
"2168","0","821","863","0"
"2169","0","823","912","0"
"2170","1","823","925","0"
"2171","0","850","875","0"
"2172","0","851","881","0"
"2173","1","851","877","0"
"2174","0","852","926","0"
"2175","1","852","876","0"
"2176","0","853","933","0"
"2177","1","853","885","0"
"2178","2","853","930","0"
"2179","0","854","889","0"
"2180","1","854","926","0"
"2181","0","855","897","0"
"2182","1","855","929","0"
"2183","0","856","899","0"
"2184","0","857","868","0"
"2185","0","858","871","0"
"2186","1","858","927","0"
"2190","0","862","899","0"
"2191","0","863","873","0"
"2192","0","859","911","0"
"2193","1","859","856","0"
"2194","2","859","912","0"
"2198","0","864","881","0"
"2199","1","864","863","0"
"2200","2","864","886","0"
"2201","0","865","861","0"
"2202","1","865","864","0"
"2203","2","865","918","0"
"2204","0","866","911","0"
"2205","1","866","856","0"
"2206","2","866","861","0"
"2207","0","860","880","0"
"2208","1","860","879","0"
"2209","2","860","877","0"
"2213","0","867","875","0"
"2214","1","867","934","0"
"2215","2","867","930","0"
"2216","0","868","877","0"
"2217","1","868","928","0"
"2218","2","868","926","0"
"2222","0","869","881","0"
"2223","1","869","860","0"
"2224","2","869","931","0"
"2225","0","870","883","0"
"2226","0","871","883","0"
"2227","0","872","899","0"
"2228","0","873","899","0"
"2229","0","874","873","0"
"2230","0","875","873","0"
"2234","0","861","882","0"
"2235","1","861","933","0"
"2236","2","861","927","0"
"2237","0","876","887","0"
"2238","1","876","889","0"
"2239","2","876","913","0"
"2240","0","877","900","0"
"2241","1","877","898","0"
"2242","2","877","902","0"
"2243","0","878","866","0"
"2244","1","878","872","0"
"2245","2","878","873","0"
"2246","1","788","871","0"
"2301","0","774","917","0"
"2302","0","905","939","0"
"2303","0","906","940","0"
"2304","1","906","942","0"
"2305","0","907","941","0"
"2306","1","907","942","0"
"2307","2","907","943","0"
"2308","0","908","939","0"
"2309","1","908","944","0"
"2310","0","909","0","7"
"2311","1","909","943","0"
"2312","2","909","944","0"
"2359","0","959","0","7"
"2360","1","959","0","9"
"2361","2","959","0","11"
"2362","0","960","0","9"
"2363","1","960","0","11"
"2364","2","960","0","10"
"2400","0","1024","0","7"
"2401","0","1025","0","7"
"2402","1","1025","0","9"
"2403","2","1025","0","11"
"2404","0","1026","0","7"
"2405","1","1026","0","9"
"2406","2","1026","0","11"
"2483","1","1024","949","0"
"2486","0","957","0","7"
"2490","1","957","0","11"
"2491","0","958","0","7"
"2492","1","958","0","10"
"2511","0","839","965","0"
"2514","0","833","968","0"
"2515","1","833","967","0"
"2516","0","831","969","0"
"2517","1","831","970","0"
"2518","0","832","971","0"
"2519","1","832","972","0"
"2520","2","832","973","0"
"2523","0","829","974","0"
"2524","1","829","975","0"
"2525","0","830","976","0"
"2526","1","830","977","0"
"2527","0","841","978","0"
"2528","1","841","979","0"
"2542","0","1062","911","0"
"2549","1","1062","1115","0"
"2557","2","1062","925","0"
"2569","1","1065","934","0"
"2570","2","1065","931","0"
"2574","0","1063","897","0"
"2575","1","1063","898","0"
"2576","2","1063","1004","0"
"2593","1","1117","1013","0"
"2594","0","1118","1015","0"
"2595","1","1118","1014","0"
"2598","0","1120","1016","0"
"2599","1","1120","1017","0"
"2601","0","1135","960","0"
"2602","1","1135","961","0"
"2603","0","1136","960","0"
"2604","1","1136","961","0"
"2615","0","887","1024","0"
"2616","1","887","1026","0"
"2617","0","807","1027","0"
"2618","1","807","1028","0"
"2622","0","802","1032","0"
"2623","1","802","1033","0"
"2624","0","804","1034","0"
"2625","1","804","1035","0"
"2627","0","805","1037","0"
"2628","1","805","1038","0"
"2629","0","803","1048","0"
"2632","0","806","1039","0"
"2633","1","806","1040","0"
"2637","0","1152","1041","0"
"2638","1","1152","1042","0"
"2639","0","810","1043","0"
"2640","1","810","1044","0"
"2641","0","809","1045","0"
"2642","1","809","1046","0"
"2643","2","809","1047","0"
"2644","0","818","1048","0"
"2645","1","818","1049","0"
"2646","2","818","1050","0"
"2647","0","811","1051","0"
"2648","1","811","1052","0"
"2649","2","811","1053","0"
"2651","0","901","1543","0"
"2653","0","840","1055","0"
"2654","1","840","1056","0"
"2655","0","1137","1057","0"
"2656","1","1137","1058","0"
"2657","0","1138","1059","0"
"2658","1","1138","1060","0"
"2659","0","1139","1061","0"
"2660","1","1139","1036","0"
"2661","2","1139","1049","0"
"2662","0","1140","1029","0"
"2663","1","1140","1030","0"
"2664","2","1140","1031","0"
"2665","0","884","1062","0"
"2667","0","1141","1064","0"
"2668","1","1141","1065","0"
"2669","2","1141","1066","0"
"2670","0","1142","1067","0"
"2671","1","1142","1068","0"
"2672","0","1143","1069","0"
"2673","1","1143","1070","0"
"2674","0","1144","1071","0"
"2675","1","1144","1065","0"
"2676","2","1144","1066","0"
"2679","0","885","1072","0"
"2680","1","885","1073","0"
"2681","0","886","1074","0"
"2682","1","886","1075","0"
"2683","0","1146","1076","0"
"2684","1","1146","1077","0"
"2685","2","1146","1078","0"
"2686","0","1149","1079","0"
"2687","1","1149","1080","0"
"2688","2","1149","1081","0"
"2689","0","1148","1082","0"
"2690","1","1148","1083","0"
"2691","0","1147","1084","0"
"2692","1","1147","1073","0"
"2699","0","1162","1086","0"
"2700","1","1162","1087","0"
"2701","2","1162","1088","0"
"2806","0","1046","867","0"
"2817","0","1048","1092","0"
"2825","0","1191","1098","0"
"2862","1","1046","1126","0"
"2872","1","1048","1138","0"
"2881","1","1191","889","0"
"2882","2","1191","1133","0"
"2902","2","1118","1130","0"
"2903","0","1065","917","0"
"2909","0","1163","1146","0"
"2916","1","1167","1151","0"
"2923","0","931","1155","0"
"2935","0","635","1005","0"
"2972","0","1150","1162","0"
"2991","0","1217","1159","0"
"2992","0","1216","1159","0"
"2993","0","1215","1159","0"
"3019","0","912","1159","0"
"3200","0","953","1357","0"
"3202","0","954","1360","0"
"3204","0","1155","1361","0"
"3207","0","1156","1364","0"
"3208","1","1156","1365","0"
"3209","2","1156","1366","0"
"3211","0","1157","1368","0"
"3212","1","1157","1369","0"
"3213","0","1158","1370","0"
"3214","1","1158","1372","0"
"3215","2","1158","1371","0"
"3216","0","1159","1373","0"
"3217","1","1159","1375","0"
"3218","2","1159","1374","0"
"3219","0","1160","1376","0"
"3220","1","1160","1377","0"
"3221","0","1161","1378","0"
"3222","1","1161","1379","0"
"3223","2","1161","1380","0"
"3224","0","1205","1381","0"
"3225","1","1205","1382","0"
"3226","2","1205","1383","0"
"3233","0","1208","1389","0"
"3234","1","1208","1391","0"
"3235","2","1208","1390","0"
"3239","0","1206","1384","0"
"3240","1","1206","1385","0"
"3241","0","1245","1395","0"
"3242","1","1245","1367","0"
"3243","0","1207","1396","0"
"3244","1","1207","1387","0"
"3245","2","1207","1388","0"
"3246","0","1209","1397","0"
"3247","1","1209","1398","0"
"3248","2","1209","1394","0"
"3254","0","924","1400","0"
"3260","0","913","1407","0"
"3261","1","913","1408","0"
"3262","0","914","1409","0"
"3263","1","914","1411","0"
"3264","2","914","1410","0"
"3265","0","915","1412","0"
"3266","1","915","1414","0"
"3267","2","915","1413","0"
"3268","0","916","1415","0"
"3269","1","916","1417","0"
"3270","2","916","1416","0"
"3271","0","1223","1418","0"
"3272","1","1223","1419","0"
"3273","2","1223","1420","0"
"3274","0","917","1421","0"
"3275","1","917","1423","0"
"3276","2","917","1422","0"
"3277","0","918","1424","0"
"3279","1","918","1426","0"
"3286","0","1227","1437","0"
"3289","1","1227","1438","0"
"3290","2","1227","1439","0"
"3291","0","1226","1435","0"
"3292","1","1226","1436","0"
"3293","2","1226","1440","0"
"3294","0","1225","1432","0"
"3295","1","1225","1434","0"
"3296","2","1225","1433","0"
"3297","0","1224","1429","0"
"3298","1","1224","1430","0"
"3299","2","1224","1431","0"
"3300","0","919","1427","0"
"3301","1","919","1428","0"
"3303","0","812","1402","0"
"3306","2","918","1425","0"
"3314","0","930","1441","0"
"3315","0","834","1442","0"
"3316","1","834","1443","0"
"3319","0","836","1444","0"
"3320","1","836","1445","0"
"3321","0","838","1446","0"
"3322","1","838","1448","0"
"3323","2","838","1447","0"
"3324","0","837","1449","0"
"3325","1","837","1451","0"
"3326","2","837","1450","0"
"3327","0","835","1452","0"
"3328","1","835","1453","0"
"3329","2","835","1454","0"
"3330","0","932","1455","0"
"3331","1","932","1457","0"
"3332","2","932","1456","0"
"3333","0","1112","1458","0"
"3334","1","1112","1459","0"
"3335","0","1111","1460","0"
"3336","1","1111","1461","0"
"3337","2","1111","1462","0"
"3338","0","1153","1463","0"
"3339","1","1153","1464","0"
"3340","2","1153","1465","0"
"3341","0","1154","1466","0"
"3342","1","1154","1468","0"
"3343","2","1154","1467","0"
"3345","0","955","1470","0"
"3346","0","921","1471","0"
"3348","0","922","1474","0"
"3349","1","922","1473","0"
"3350","0","1121","1477","0"
"3351","1","1121","1475","0"
"3352","2","1121","1476","0"
"3353","0","1122","1479","0"
"3354","1","1122","1478","0"
"3355","2","1122","1480","0"
"3356","0","1123","1482","0"
"3357","1","1123","1481","0"
"3358","0","1124","1484","0"
"3359","1","1124","1483","0"
"3360","2","1124","1485","0"
"3361","0","1125","1486","0"
"3362","1","1125","1487","0"
"3363","2","1125","1488","0"
"3364","0","1126","1489","0"
"3365","1","1126","1490","0"
"3366","2","1126","1491","0"
"3367","0","1127","1493","0"
"3368","1","1127","1492","0"
"3369","2","1127","1494","0"
"3370","0","1128","1495","0"
"3371","1","1128","1496","0"
"3372","2","1128","1497","0"
"3373","0","1129","1498","0"
"3374","1","1129","1499","0"
"3375","2","1129","1500","0"
"3377","0","1211","1564","0"
"3378","0","1259","1503","0"
"3380","0","1260","1506","0"
"3381","1","1260","1505","0"
"3382","2","1260","1504","0"
"3383","0","1261","1508","0"
"3384","1","1261","1509","0"
"3385","2","1261","1507","0"
"3388","0","1262","1512","0"
"3389","1","1262","1510","0"
"3390","2","1262","1511","0"
"3391","0","1263","1515","0"
"3392","1","1263","1513","0"
"3393","2","1263","1514","0"
"3394","0","1264","1516","0"
"3395","1","1264","1517","0"
"3396","2","1264","1518","0"
"3397","0","1271","1519","0"
"3398","1","1271","1521","0"
"3399","2","1271","1520","0"
"3400","0","1272","1522","0"
"3401","1","1272","1524","0"
"3402","2","1272","1523","0"
"3403","0","1273","1525","0"
"3404","1","1273","1526","0"
"3405","2","1273","1527","0"
"3406","0","1275","1528","0"
"3407","1","1275","1529","0"
"3408","2","1275","1530","0"
"3412","0","1274","1534","0"
"3413","1","1274","1535","0"
"3414","2","1274","1536","0"
"3421","0","816","1020","0"
"3424","0","1290","1537","0"
"3425","0","1151","1538","0"
"3426","1","1151","1539","0"
"3429","0","900","1542","0"
"3430","1","901","1544","0"
"3431","0","1050","1545","0"
"3432","1","955","1546","0"
"3433","0","929","1547","0"
"3434","1","930","1548","0"
"3435","0","927","1550","0"
"3436","1","927","1551","0"
"3437","0","827","1552","0"
"3438","0","928","1553","0"
"3439","1","928","1554","0"
"3440","0","923","1555","0"
"3441","1","924","1556","0"
"3442","0","1113","1557","0"
"3443","0","1114","1558","0"
"3444","1","1114","1559","0"
"3445","0","1212","1560","0"
"3446","0","1213","1561","0"
"3447","1","1213","1562","0"
"3448","0","1210","1563","0"
"3449","1","1211","1565","0"
"3663","0","1130","1566","0"
"3667","0","1131","1568","0"
"3669","0","1132","1571","0"
"3671","0","1133","1573","0"
"3673","0","1251","1575","0"
"3674","1","1251","1576","0"
"3675","2","1251","1577","0"
"3676","0","1252","1578","0"
"3677","1","1252","1579","0"
"3678","2","1252","1580","0"
"3679","0","1253","1581","0"
"3680","1","1253","1582","0"
"3681","2","1253","1583","0"
"3683","0","1254","1584","0"
"3684","1","1254","1569","0"
"3685","2","1254","1586","0"
"3686","0","1255","1589","0"
"3687","1","1255","1588","0"
"3688","2","1255","1587","0"
"3691","0","1256","1590","0"
"3692","1","1256","1591","0"
"3693","2","1256","1592","0"
"3696","0","1285","1593","0"
"3697","1","1285","1594","0"
"3698","2","1285","1595","0"
"3699","0","1286","1597","0"
"3700","1","1286","1596","0"
"3701","2","1286","1599","0"
"3706","0","1287","1600","0"
"3707","1","1287","1601","0"
"3708","2","1287","1602","0"
"3713","0","1288","1603","0"
"3714","1","1288","1604","0"
"3715","2","1288","1605","0"
"3716","0","1289","1606","0"
"3717","1","1289","1607","0"
"3718","2","1289","1608","0"
"3735","0","1164","1259","0"
"3740","0","1055","1165","0"
"3758","0","1165","1235","0"
"3759","0","1166","1181","0"
"3760","1","1166","1170","0"
"3761","0","1167","1283","0"
"3763","0","1051","1213","0"
"3765","0","1052","1215","0"
"3767","0","1168","1202","0"
"3768","1","1168","1306","0"
"3769","0","1170","1204","0"
"3770","1","1170","1149","0"
"3771","0","1171","1249","0"
"3774","0","1172","1229","0"
"3775","1","1172","1316","0"
"3776","0","1053","1289","0"
"3777","1","1053","927","0"
"3778","0","1173","1609","0"
"3779","1","1173","1610","0"
"3780","1","1174","1135","0"
"3781","2","1174","1611","0"
"3782","0","1174","1613","0"
"3783","0","1347","1276","0"
"3784","0","1169","1287","0"
"3785","1","1169","1345","0"
"3786","0","1044","1168","0"
"3787","1","1044","1292","0"
"3788","2","1044","1007","0"
"3789","0","1177","1232","0"
"3790","1","1177","1317","0"
"3791","0","1045","1280","0"
"3792","1","1045","1344","0"
"3793","0","1041","1185","0"
"3794","1","1041","1299","0"
"3795","0","1042","1303","0"
"3796","1","1042","1138","0"
"3797","0","1176","1201","0"
"3798","1","1176","1574","0"
"3799","0","1179","1615","0"
"3801","1","1179","1616","0"
"3802","1","1164","1008","0"
"3803","1","1347","931","0"
"3804","1","1165","1007","0"
"3806","0","1180","1617","0"
"3809","0","1175","1209","0"
"3810","1","1175","1307","0"
"3811","2","1175","1013","0"
"3813","0","1185","1200","0"
"3814","1","1185","1304","0"
"3815","2","1185","1136","0"
"3816","0","1178","1255","0"
"3817","1","1178","1322","0"
"3818","2","1178","913","0"
"3819","0","1043","1169","0"
"3820","1","1043","1186","0"
"3821","2","1043","1137","0"
"3822","0","1054","1193","0"
"3823","1","1054","1008","0"
"3824","2","1054","1300","0"
"3825","0","1182","1273","0"
"3826","1","1182","1347","0"
"3827","2","1182","927","0"
"3828","0","1184","1212","0"
"3829","1","1184","1310","0"
"3830","2","1184","1125","0"
"3831","0","1186","1248","0"
"3832","1","1186","1328","0"
"3833","2","1186","1150","0"
"3834","0","1047","1183","0"
"3835","1","1047","1297","0"
"3836","2","1047","1135","0"
"3837","0","1183","1284","0"
"3838","1","1183","1348","0"
"3839","2","1183","1149","0"
"3840","2","1048","1619","0"
"3841","0","1049","1620","0"
"3842","1","1049","1621","0"
"3843","2","1049","926","0"
"3844","0","1187","1260","0"
"3845","1","1187","1326","0"
"3846","2","1187","1125","0"
"3847","0","1192","1278","0"
"3848","1","1192","1343","0"
"3849","2","1192","1151","0"
"3850","0","1193","1172","0"
"3851","1","1193","1296","0"
"3852","2","1193","1008","0"
"3853","0","1189","1623","0"
"3854","1","1189","1624","0"
"3855","2","1189","1128","0"
"3856","0","1190","1265","0"
"3857","1","1190","1625","0"
"3858","2","1190","1137","0"
"3859","0","1194","1216","0"
"3860","1","1194","1304","0"
"3861","2","1194","1138","0"
"3862","0","1056","1261","0"
"3863","1","1056","1133","0"
"3864","2","1056","1127","0"
"3865","0","1059","1626","0"
"3866","1","1059","1627","0"
"3867","2","1059","1007","0"
"3868","0","1060","1157","0"
"3869","1","1060","1163","0"
"3870","2","1060","1008","0"
"3871","0","1188","1191","0"
"3872","1","1188","1192","0"
"3873","2","1188","1129","0"
"3874","0","1195","1352","0"
"3875","1","1195","926","0"
"3876","2","1195","1132","0"
"3877","0","1196","1203","0"
"3878","1","1196","1628","0"
"3879","2","1196","927","0"
"3880","0","1197","1238","0"
"3881","1","1197","1321","0"
"3882","2","1197","1125","0"
"3883","0","1198","1281","0"
"3884","1","1198","1137","0"
"3885","2","1198","931","0"
"3886","0","1199","1629","0"
"3887","1","1199","1630","0"
"3888","2","1199","1125","0"
"3889","0","1200","1286","0"
"3890","1","1200","1349","0"
"3891","2","1200","1149","0"
"3895","0","1201","1228","0"
"3896","1","1201","1316","0"
"3897","2","1201","1124","0"
"3898","0","1202","1205","0"
"3899","1","1202","1129","0"
"3900","2","1202","926","0"
"3901","0","1203","1632","0"
"3902","1","1203","1633","0"
"3903","2","1203","1013","0"
"3904","0","1115","1246","0"
"3905","1","1115","1326","0"
"3906","2","1115","1125","0"
"3907","0","1204","1634","0"
"3908","1","1204","1635","0"
"3909","2","1204","1140","0"
"3910","0","1057","1164","0"
"3911","1","1057","1291","0"
"3912","2","1057","1128","0"
"3913","0","1116","1636","0"
"3914","1","1116","928","0"
"3915","2","1116","1004","0"
"3916","2","1117","1008","0"
"3917","0","1117","1210","0"
"3918","2","1120","918","0"
"3919","0","1214","1217","0"
"3920","1","1214","934","0"
"3921","2","1214","1132","0"
"3922","0","1181","1240","0"
"3923","1","1181","1241","0"
"3924","2","1181","1149","0"
"3925","0","1058","1637","0"
"3926","1","1058","1132","0"
"3927","2","1058","1140","0"
"3928","0","1061","1206","0"
"3929","1","1061","927","0"
"3930","2","1061","1123","0"
"3931","0","1119","1285","0"
"3932","1","1119","1638","0"
"3933","2","1119","1151","0"
"3934","0","1064","1639","0"
"3935","1","1064","1640","0"
"3936","2","1064","1004","0"
"3937","0","1066","1239","0"
"3938","1","1066","1322","0"
"3939","2","1066","1137","0"
"4092","0","1293","1641","0"
"4095","0","1294","1644","0"
"4096","1","1294","1645","0"
"4097","2","1294","1646","0"
"4098","0","1218","1647","0"
"4099","1","1218","1648","0"
"4100","2","1218","1649","0"
"4101","0","1219","1650","0"
"4102","1","1219","1651","0"
"4103","2","1219","1652","0"
"4104","0","1220","1653","0"
"4105","1","1220","1654","0"
"4107","2","1220","1657","0"
"4108","0","1221","1658","0"
"4109","1","1221","1659","0"
"4110","2","1221","1655","0"
"4111","0","1222","1660","0"
"4112","1","1222","1661","0"
"4113","2","1222","1662","0"
"4114","0","1246","1663","0"
"4115","1","1246","1664","0"
"4116","2","1246","1665","0"
"4117","0","1247","1666","0"
"4118","1","1247","1667","0"
"4119","2","1247","1668","0"
"4120","0","1248","1669","0"
"4121","1","1248","1670","0"
"4122","2","1248","1671","0"
"4123","0","1249","1672","0"
"4124","1","1249","1673","0"
"4125","2","1249","1674","0"
"4126","0","1250","1675","0"
"4127","1","1250","1676","0"
"4128","2","1250","1677","0"
"4129","0","1233","1678","0"
"4131","0","1234","1682","0"
"4132","1","1234","1680","0"
"4133","2","1234","1679","0"
"4134","0","1235","1683","0"
"4135","1","1235","1684","0"
"4136","2","1235","1685","0"
"4137","0","1236","1686","0"
"4138","1","1236","1687","0"
"4139","2","1236","1688","0"
"4140","0","1237","1689","0"
"4141","1","1237","1690","0"
"4142","2","1237","1691","0"
"4143","0","1238","1692","0"
"4144","1","1238","1693","0"
"4146","0","1240","1695","0"
"4147","1","1240","1696","0"
"4148","2","1240","1697","0"
"4149","0","1241","1698","0"
"4150","1","1241","1699","0"
"4151","2","1241","1700","0"
"4152","0","1242","1701","0"
"4153","1","1242","1702","0"
"4154","2","1242","1703","0"
"4155","0","1243","1704","0"
"4156","1","1243","1706","0"
"4157","2","1243","1705","0"
"4158","0","1244","1707","0"
"4159","1","1244","1709","0"
"4160","2","1244","1708","0"
"4161","0","1239","1710","0"
"4162","1","1239","1711","0"
"4163","2","1239","1699","0"
"4164","0","1320","1257","0"
"4165","1","1320","1258","0"
"4167","0","1325","1214","0"
"4170","0","1328","1714","0"
"4173","0","1331","1282","0"
"4176","0","1333","1302","0"
"4177","1","1333","1198","0"
"4179","0","1334","1717","0"
"4181","1","1334","1719","0"
"4182","0","1335","1288","0"
"4184","1","1335","1426","0"
"4185","0","1346","1720","0"
"4186","1","1346","1721","0"
"4187","2","1346","1722","0"
"4191","0","1319","1195","0"
"4192","1","1319","1723","0"
"4194","0","1345","1254","0"
"4197","1","1345","1726","0"
"4199","0","1332","1253","0"
"4200","1","1332","1724","0"
"4201","2","1332","1128","0"
"4202","0","1340","1252","0"
"4203","1","1340","1727","0"
"4204","2","1340","1728","0"
"4205","0","1344","1729","0"
"4206","1","1344","1730","0"
"4208","0","1336","1208","0"
"4209","1","1336","1732","0"
"4210","2","1336","1733","0"
"4211","0","1342","1223","0"
"4212","1","1342","1224","0"
"4214","0","1343","1277","0"
"4215","1","1343","1343","0"
"4217","0","1338","1735","0"
"4218","1","1338","1736","0"
"4220","0","1337","1173","0"
"4221","1","1337","1738","0"
"4223","0","1341","1187","0"
"4224","1","1341","1670","0"
"4225","2","1341","1723","0"
"4226","0","1339","1177","0"
"4227","1","1339","1180","0"
"4229","0","1353","1197","0"
"4230","1","1353","1740","0"
"4231","2","1353","1741","0"
"4232","0","1354","1742","0"
"4233","1","1354","1744","0"
"4234","2","1354","1743","0"
"4235","0","1355","1745","0"
"4236","1","1355","1746","0"
"4237","2","1355","1747","0"
"4238","0","1356","1748","0"
"4239","1","1356","1749","0"
"4240","2","1356","1008","0"
"4241","0","1357","1750","0"
"4242","1","1357","1751","0"
"4243","2","1357","1752","0"
"4244","0","1348","1753","0"
"4245","1","1348","1754","0"
"4246","2","1348","1755","0"
"4247","0","1349","1757","0"
"4248","1","1349","1756","0"
"4249","2","1349","1744","0"
"4250","0","1351","1759","0"
"4251","1","1351","1758","0"
"4252","2","1351","1760","0"
"4253","0","1350","1762","0"
"4254","1","1350","1761","0"
"4255","2","1350","1763","0"
"4277","0","1388","1159","0"
"4278","1","1388","1158","0"
"4279","2","1388","1161","0"
"4280","0","1279","1765","0"
"4281","1","1279","1764","0"
"4283","0","1282","1765","0"
"4284","1","1282","1764","0"
"4285","2","1282","1465","0"
"4286","0","1281","1765","0"
"4287","1","1281","1764","0"
"4288","2","1281","1465","0"
"4289","0","1280","1765","0"
"4290","1","1280","1764","0"
"4291","2","1280","1465","0"
"4292","2","1279","1465","0"
"4293","0","1295","1766","0"
"4294","1","1295","1767","0"
"4295","2","1295","1580","0"
"4296","0","1301","1766","0"
"4297","1","1301","1767","0"
"4298","2","1301","1580","0"
"4299","0","1297","1766","0"
"4300","1","1297","1767","0"
"4301","2","1297","1580","0"
"4302","0","1299","1766","0"
"4303","1","1299","1767","0"
"4304","2","1299","1580","0"
"4305","0","1296","1768","0"
"4306","1","1296","1769","0"
"4307","2","1296","1770","0"
"4308","0","1302","1768","0"
"4309","1","1302","1769","0"
"4310","2","1302","1770","0"
"4311","0","1298","1768","0"
"4312","1","1298","1769","0"
"4313","2","1298","1580","0"
"4314","0","1300","1768","0"
"4315","1","1300","1769","0"
"4316","2","1300","1770","0"
"4317","0","1311","1771","0"
"4318","1","1311","1772","0"
"4319","2","1311","1773","0"
"4320","0","1303","1771","0"
"4321","1","1303","1772","0"
"4322","2","1303","1773","0"
"4323","0","1315","1771","0"
"4324","1","1315","1772","0"
"4325","2","1315","1773","0"
"4326","0","1307","1771","0"
"4327","1","1307","1772","0"
"4328","2","1307","1773","0"
"4329","0","1312","1775","0"
"4330","1","1312","1774","0"
"4331","2","1312","1776","0"
"4332","0","1304","1775","0"
"4333","1","1304","1774","0"
"4334","2","1304","1776","0"
"4335","0","1316","1775","0"
"4336","1","1316","1774","0"
"4337","2","1316","1776","0"
"4338","0","1308","1775","0"
"4339","1","1308","1774","0"
"4340","2","1308","1776","0"
"4341","0","1313","1778","0"
"4342","1","1313","1777","0"
"4343","2","1313","1779","0"
"4344","0","1305","1778","0"
"4345","1","1305","1777","0"
"4346","2","1305","1779","0"
"4347","0","1317","1778","0"
"4348","1","1317","1777","0"
"4349","2","1317","1779","0"
"4350","0","1309","1778","0"
"4351","1","1309","1777","0"
"4352","2","1309","1779","0"
"4353","0","1314","1781","0"
"4354","1","1314","1780","0"
"4355","2","1314","1782","0"
"4356","0","1306","1781","0"
"4357","1","1306","1780","0"
"4358","2","1306","1782","0"
"4359","0","1318","1781","0"
"4360","1","1318","1780","0"
"4361","2","1318","1782","0"
"4362","0","1310","1781","0"
"4363","1","1310","1780","0"
"4364","2","1310","1782","0"
"4365","0","1266","1783","0"
"4366","1","1266","1784","0"
"4368","0","1265","1787","0"
"4369","1","1265","1786","0"
"4370","2","1265","1788","0"
"4371","0","1270","1790","0"
"4372","1","1270","1789","0"
"4373","2","1270","1791","0"
"4374","0","1276","1793","0"
"4375","1","1276","1792","0"
"4376","2","1276","1794","0"
"4377","0","1277","1797","0"
"4378","1","1277","1795","0"
"4379","2","1277","1796","0"
"4380","0","1268","1800","0"
"4381","1","1268","1798","0"
"4382","2","1268","1799","0"
"4383","0","1267","1803","0"
"4384","1","1267","1801","0"
"4385","2","1267","1802","0"
"4386","0","1278","1806","0"
"4387","1","1278","1804","0"
"4388","2","1278","1805","0"
"4389","0","1389","1357","0"
"4390","0","1258","1809","0"
"4391","1","1258","1807","0"
"4392","2","1258","1808","0"
"4393","0","1269","1812","0"
"4394","1","1269","1810","0"
"4395","2","1269","1811","0"
"4396","0","1352","1813","0"
"4397","1","1352","1814","0"
"4398","2","1352","1815","0"
"4399","0","1358","1816","0"
"4400","1","1358","1817","0"
"4401","2","1358","1818","0"
"4402","0","1359","1820","0"
"4403","1","1359","1819","0"
"4404","2","1359","1821","0"
"4405","0","1360","1822","0"
"4406","1","1360","1823","0"
"4407","2","1360","927","0"
"4408","0","1361","1825","0"
"4409","1","1361","1824","0"
"4410","2","1361","1826","0"
"4411","0","1362","1830","0"
"4412","1","1362","1350","0"
"4413","2","1362","1828","0"
"4414","0","1363","1353","0"
"4415","1","1363","1312","0"
"4416","2","1363","1831","0"
"4417","0","1364","1305","0"
"4418","1","1364","1306","0"
"4419","2","1364","1832","0"
"4420","0","1365","1833","0"
"4421","1","1365","1834","0"
"4422","2","1365","1713","0"
"4423","0","1366","1836","0"
"4424","1","1366","1835","0"
"4425","2","1366","926","0"
"4426","0","1367","1839","0"
"4427","1","1367","1837","0"
"4428","2","1367","1838","0"
"4429","0","1373","1840","0"
"4430","1","1373","1841","0"
"4431","2","1373","1667","0"
"4432","0","1374","1842","0"
"4433","1","1374","1843","0"
"4434","2","1374","1844","0"
"4435","0","1375","1845","0"
"4436","1","1375","1846","0"
"4437","2","1375","1847","0"
"4438","0","1376","1848","0"
"4439","1","1376","1849","0"
"4440","2","1376","1850","0"
"4441","0","1377","1851","0"
"4442","1","1377","1852","0"
"4443","2","1377","1132","0"
"4444","0","1368","1247","0"
"4445","1","1368","1853","0"
"4446","2","1368","1854","0"
"4447","0","1369","1262","0"
"4448","1","1369","1334","0"
"4449","2","1369","1125","0"
"4450","0","1370","1234","0"
"4451","1","1370","1855","0"
"4452","2","1370","1823","0"
"4453","0","1371","1250","0"
"4454","1","1371","1331","0"
"4455","2","1371","1856","0"
"4456","0","1372","1269","0"
"4457","1","1372","1857","0"
"4458","2","1372","1137","0"
"4482","0","1386","1858","0"
"4483","1","1386","1859","0"
"4485","0","1387","1861","0"
"4486","1","1387","1862","0"
"4487","2","1387","1135","0"
"4488","0","1383","1864","0"
"4489","1","1383","1865","0"
"4490","2","1383","1866","0"
"4502","0","1381","1869","0"
"4503","1","1381","1867","0"
"4504","2","1381","1868","0"
"4505","0","1382","1871","0"
"4506","1","1382","1870","0"
"4507","2","1382","1872","0"
"4508","0","1385","1873","0"
"4509","1","1385","1874","0"
"4510","2","1385","1134","0"
"4511","0","1384","1875","0"
"4512","1","1384","1628","0"
"4513","2","1384","1133","0"
"4515","0","1284","1878","0"
"4518","0","1378","1881","0"
"4519","1","1378","1880","0"
"4520","2","1378","1882","0"
"4521","0","1379","1884","0"
"4522","1","1379","1883","0"
"4523","2","1379","1885","0"
"4524","0","1380","1887","0"
"4525","1","1380","1886","0"
"4526","2","1380","1888","0"
"4530","0","1391","1891","0"
"4531","1","1391","1890","0"
"4532","2","1391","1889","0"
"4533","0","1283","1893","0"
"4534","1","1283","1892","0"
"4535","2","1283","1894","0"
"4536","0","1390","1896","0"
"4537","1","1390","1895","0"
"4538","2","1390","1815","0"
"4539","0","1392","1897","0"
"4540","1","1392","1898","0"
"4541","2","1392","1899","0"
"4542","0","1393","1900","0"
"4543","1","1393","1901","0"
"4544","2","1393","1902","0"
"4545","0","1394","1903","0"
"4546","1","1394","1904","0"
"4547","2","1394","1905","0"
"4548","0","1395","1906","0"
"4549","1","1395","1907","0"
"4550","2","1395","1908","0"
"4551","2","1337","926","0"
"4552","2","1386","1909","0"
"4553","2","1238","1910","0"
"4554","2","1266","1785","0"
"4555","0","956","0","7"
"4556","1","956","948","0"
"4558","0","926","1911","0"
"4615","0","1417","0","30"
"4616","1","1417","0","25"
"4617","0","1418","0","24"
"4618","1","1418","0","25"
"4619","2","1418","0","23"
"4620","0","1419","0","21"
"4621","1","1419","0","22"
"4622","2","1419","0","23"
"4623","0","1420","0","36"
"4624","1","1420","0","23"
"4625","2","1420","0","25"
"4626","0","1421","0","36"
"4627","2","1421","0","25"
"4628","1","1421","0","37"
"4629","0","1422","0","38"
"4630","1","1422","0","39"
"4631","2","1422","0","23"
"4632","0","1423","0","38"
"4633","1","1423","0","39"
"4634","0","1424","0","42"
"4635","1","1424","0","25"
"4636","0","1425","0","43"
"4637","1","1425","0","23"
"4638","0","1426","0","32"
"4639","2","1426","0","23"
"4640","1","1426","0","33"
"4641","0","1427","0","34"
"4642","2","1427","0","25"
"4643","1","1427","0","35"
"4644","0","1428","0","26"
"4645","1","1428","0","23"
"4646","2","1428","0","27"
"4647","0","1429","0","28"
"4648","1","1429","0","29"
"4649","0","1430","0","36"
"4650","1","1430","0","25"
"4651","0","1431","0","36"
"4652","1","1431","0","23"
"4653","0","1432","0","38"
"4654","1","1432","0","25"
"4655","0","1433","0","40"
"4656","2","1433","0","25"
"4657","1","1433","0","41"
"4658","0","1434","0","44"
"4659","2","1434","0","23"
"4660","1","1434","0","45"
"4661","0","1435","0","46"
"4662","1","1435","0","23"
"4663","2","1435","0","25"
"4664","0","1436","0","31"
"4665","1","1436","0","23"
"4666","2","1436","0","25"
"4667","0","1396","1913","0"
"4668","1","1396","1912","0"
"4669","2","1396","1914","0"
"4670","0","1397","1915","0"
"4671","1","1397","1916","0"
"4672","2","1397","1917","0"
"4673","0","1406","1918","0"
"4674","1","1406","1919","0"
"4675","2","1406","1008","0"
"4676","0","1407","1921","0"
"4677","1","1407","1920","0"
"4678","2","1407","1922","0"
"4679","0","1416","1923","0"
"4680","1","1416","1299","0"
"4681","2","1416","1924","0"
"4682","0","1399","1925","0"
"4683","1","1399","1926","0"
"4684","2","1399","1927","0"
"4685","0","1408","1928","0"
"4686","1","1408","1929","0"
"4687","2","1408","1930","0"
"4688","0","1409","1932","0"
"4689","1","1409","1931","0"
"4690","2","1409","1933","0"
"4691","0","1400","1935","0"
"4692","1","1400","1934","0"
"4693","2","1400","1138","0"
"4694","0","1401","1937","0"
"4695","1","1401","1936","0"
"4696","2","1401","1938","0"
"4697","0","1410","1939","0"
"4698","1","1410","1940","0"
"4699","2","1410","918","0"
"4700","0","1411","1942","0"
"4701","1","1411","1941","0"
"4702","2","1411","1943","0"
"4703","0","1398","1945","0"
"4704","1","1398","1944","0"
"4705","2","1398","1854","0"
"4706","0","1402","1947","0"
"4707","1","1402","1946","0"
"4708","2","1402","1823","0"
"4709","0","1403","1948","0"
"4710","1","1403","1949","0"
"4711","2","1403","1950","0"
"4712","0","1412","1951","0"
"4713","1","1412","1952","0"
"4714","2","1412","926","0"
"4715","0","1413","1953","0"
"4716","1","1413","1954","0"
"4717","2","1413","1124","0"
"4718","0","1404","1955","0"
"4719","1","1404","1956","0"
"4720","2","1404","1957","0"
"4721","0","1405","1958","0"
"4722","1","1405","1959","0"
"4723","2","1405","1960","0"
"4724","0","1414","1962","0"
"4725","1","1414","1961","0"
"4726","2","1414","1718","0"
"4727","0","1415","1963","0"
"4728","1","1415","1964","0"
"4729","2","1415","1924","0"
"4733","0","1443","0","31"
"4734","1","1443","0","23"
"4735","2","1443","0","25"
"4740","0","1454","1193","0"
"4741","1","1454","1163","0"
"4743","2","1454","954","0"
"4744","1","954","1993","0"
"4763","0","1491","1994","0"
"4764","1","1491","1852","0"
"4765","2","1491","1447","0"
"4766","0","1492","1955","0"
"4767","1","1492","1614","0"
"4768","2","1492","1844","0"
"4771","0","1496","1995","0"
"4772","1","1496","1996","0"
"4773","2","1496","1997","0"
"4774","0","800","1285","0"
"4775","0","817","1285","0"
"4776","0","1231","1280","0"
"4781","0","1502","1998","0"
"4783","0","1504","2006","0"
"4795","0","1505","0","21"
"4796","1","1505","0","22"
"4797","0","1507","0","38"
"4798","1","1507","0","39"
"4799","2","1507","0","25"
"4800","0","1511","0","44"
"4801","1","1511","0","25"
"4802","2","1511","0","23"
"4803","0","1506","0","32"
"4804","1","1506","0","33"
"4805","2","1506","0","23"
"4806","0","1512","2008","0"
"4807","0","1513","2000","0"
"4818","0","1521","1418","0"
"4819","1","1521","1419","0"
"4820","2","1521","1420","0"
"4821","0","1522","1516","0"
"4822","1","1522","1517","0"
"4823","2","1522","1518","0"
"4824","0","1524","1528","0"
"4825","1","1524","1529","0"
"4826","2","1524","1530","0"
"4846","0","1553","2019","0"
"4847","0","1554","2011","0"
"4848","0","1555","2012","0"
"4849","0","1556","2013","0"
"4850","0","1557","2015","0"
"4851","0","1558","2017","0"
"4852","0","1559","2018","0"
"4853","1","1513","2001","0"
"4854","2","1513","2002","0"
"4856","0","1503","2003","0"
"4857","1","1503","2004","0"
"4858","2","1503","2005","0"
"4859","1","1504","2007","0"
"4860","1","1512","2009","0"
"4861","2","1512","2010","0"
"4862","0","1560","1915","0"
"4863","1","1560","1916","0"
"4864","2","1560","1917","0"
"4865","0","1561","1955","0"
"4866","1","1561","1956","0"
"4867","2","1561","1957","0"
"4868","0","1562","1932","0"
"4869","1","1562","1931","0"
"4870","2","1562","1933","0"
"4871","0","1563","1951","0"
"4872","1","1563","1952","0"
"4873","2","1563","926","0"
"4874","0","1564","1953","0"
"4875","1","1564","1954","0"
"4876","2","1564","1124","0"
"4877","0","1565","1962","0"
"4878","1","1565","1961","0"
"4879","2","1565","1718","0"
"4880","0","1566","0","21"
"4881","1","1566","0","22"
"4882","2","1566","0","23"
"4883","0","1567","0","36"
"4884","1","1567","0","37"
"4885","2","1567","0","25"
"4886","0","1568","0","38"
"4887","1","1568","0","39"
"4888","2","1568","0","23"
"4889","1","1554","925","0"
"4890","1","1555","1382","0"
"4891","1","1556","2014","0"
"4892","1","1557","2016","0"
"4893","2","1557","1131","0"
"4894","1","1558","1134","0"
"4895","1","1559","1723","0"
"4896","1","1553","2020","0"
